"","school_group","school_name","grade","na_num","na_pct","aa_num","aa_pct","as_num","as_pct","hi_num","hi_pct","wh_num","wh_pct","pi_pct","blank_col","tot"
"1","K-5","ARMATAGE","KG","2","1.8%","23","20.7%","6","5.4%","3","2.7%","77","69.4%","","0.0%","111"
"2","K-5","ARMATAGE","1","","0.0%","20","19.4%","11","10.7%","6","5.8%","66","64.1%","","0.0%","103"
"3","K-5","ARMATAGE","2","1","1.0%","21","20.8%","6","5.9%","3","3.0%","69","68.3%","1","1.0%","101"
"4","K-5","ARMATAGE","3","2","1.9%","19","18.3%","4","3.8%","7","6.7%","72","69.2%","","0.0%","104"
"5","K-5","ARMATAGE","4","","0.0%","16","17.8%","4","4.4%","5","5.6%","65","72.2%","","0.0%","90"
"6","K-5","ARMATAGE","5","","0.0%","20","20.8%","2","2.1%","5","5.2%","67","69.8%","2","2.1%","96"
"7","","ARMATAGE Total","","5","0.8%","119","19.7%","33","5.5%","29","4.8%","416","68.8%","3","0.5%","605"
"8","K-5","BANCROFT","KG","8","9.3%","31","36.0%","4","4.7%","15","17.4%","28","32.6%","","0.0%","86"
"9","K-5","BANCROFT","1","8","9.4%","40","47.1%","5","5.9%","12","14.1%","20","23.5%","","0.0%","85"
"10","K-5","BANCROFT","2","10","10.9%","47","51.1%","3","3.3%","16","17.4%","16","17.4%","","0.0%","92"
"11","K-5","BANCROFT","3","4","4.9%","41","50.0%","4","4.9%","17","20.7%","16","19.5%","","0.0%","82"
"12","K-5","BANCROFT","4","9","10.7%","42","50.0%","2","2.4%","18","21.4%","13","15.5%","","0.0%","84"
"13","K-5","BANCROFT","5","10","13.5%","37","50.0%","2","2.7%","15","20.3%","10","13.5%","","0.0%","74"
"14","","BANCROFT Total","","49","9.7%","238","47.3%","20","4.0%","93","18.5%","103","20.5%","0","0.0%","503"
"15","K-5","BETHUNE","KG","1","1.8%","45","80.4%","1","1.8%","2","3.6%","7","12.5%","","0.0%","56"
"16","K-5","BETHUNE","1","","0.0%","47","83.9%","2","3.6%","1","1.8%","6","10.7%","","0.0%","56"
"17","K-5","BETHUNE","2","1","2.2%","37","82.2%","1","2.2%","1","2.2%","5","11.1%","","0.0%","45"
"18","K-5","BETHUNE","3","1","2.7%","35","94.6%","1","2.7%","","0.0%","","0.0%","","0.0%","37"
"19","K-5","BETHUNE","4","","0.0%","36","83.7%","1","2.3%","4","9.3%","2","4.7%","","0.0%","43"
"20","K-5","BETHUNE","5","","0.0%","32","86.5%","2","5.4%","1","2.7%","2","5.4%","","0.0%","37"
"21","","BETHUNE Total","","3","1.1%","232","84.7%","8","2.9%","9","3.3%","22","8.0%","0","0.0%","274"
"22","K-5","BRYN MAWR","KG","1","1.9%","20","37.7%","17","32.1%","10","18.9%","5","9.4%","","0.0%","53"
"23","K-5","BRYN MAWR","1","","0.0%","30","62.5%","9","18.8%","4","8.3%","5","10.4%","","0.0%","48"
"24","K-5","BRYN MAWR","2","2","4.3%","18","38.3%","17","36.2%","6","12.8%","4","8.5%","","0.0%","47"
"25","K-5","BRYN MAWR","3","2","4.5%","23","52.3%","12","27.3%","4","9.1%","3","6.8%","","0.0%","44"
"26","K-5","BRYN MAWR","4","3","5.7%","27","50.9%","9","17.0%","6","11.3%","8","15.1%","","0.0%","53"
"27","K-5","BRYN MAWR","5","3","5.6%","30","55.6%","13","24.1%","2","3.7%","6","11.1%","","0.0%","54"
"28","","BRYN MAWR Total","","11","3.7%","148","49.5%","77","25.8%","32","10.7%","31","10.4%","0","0.0%","299"
"29","K-5","BURROUGHS","KG","2","1.7%","12","10.1%","10","8.4%","5","4.2%","90","75.6%","","0.0%","119"
"30","K-5","BURROUGHS","1","1","0.9%","13","11.1%","14","12.0%","8","6.8%","80","68.4%","1","0.9%","117"
"31","K-5","BURROUGHS","2","1","0.7%","11","8.1%","8","5.9%","10","7.4%","105","77.2%","1","0.7%","136"
"32","K-5","BURROUGHS","3","1","0.8%","11","8.5%","6","4.7%","6","4.7%","105","81.4%","","0.0%","129"
"33","K-5","BURROUGHS","4","1","0.8%","14","11.5%","8","6.6%","8","6.6%","89","73.0%","2","1.6%","122"
"34","K-5","BURROUGHS","5","","0.0%","10","8.5%","5","4.3%","4","3.4%","98","83.8%","","0.0%","117"
"35","","BURROUGHS Total","","6","0.8%","71","9.6%","51","6.9%","41","5.5%","567","76.6%","4","0.5%","740"
"36","K-5","CITYVIEW COMMUNITY KG","","2","3.8%","35","67.3%","4","7.7%","1","1.9%","10","19.2%","","0.0%","52"
"37","K-5","CITYVIEW COMMUNITY 1","","1","2.1%","34","70.8%","3","6.3%","2","4.2%","8","16.7%","","0.0%","48"
"38","K-5","CITYVIEW COMMUNITY 2","","1","2.3%","34","77.3%","1","2.3%","3","6.8%","5","11.4%","","0.0%","44"
"39","K-5","CITYVIEW COMMUNITY 3","","5","11.6%","34","79.1%","1","2.3%","","0.0%","3","7.0%","","0.0%","43"
"40","K-5","CITYVIEW COMMUNITY 4","","3","6.8%","38","86.4%","2","4.5%","1","2.3%","","0.0%","","0.0%","44"
"41","K-5","CITYVIEW COMMUNITY 5","","","0.0%","31","88.6%","2","5.7%","2","5.7%","","0.0%","","0.0%","35"
"42","","CITYVIEW COMMUNITY Total","","12","4.5%","206","77.4%","13","4.9%","9","3.4%","26","9.8%","0","0.0%","266"
"43","K-5","DOWLING KG","","3","3.8%","25","31.3%","1","1.3%","4","5.0%","47","58.8%","","0.0%","80"
"44","K-5","DOWLING 1","","","0.0%","29","39.2%","3","4.1%","5","6.8%","37","50.0%","","0.0%","74"
"45","K-5","DOWLING 2","","4","5.4%","30","40.5%","1","1.4%","4","5.4%","35","47.3%","","0.0%","74"
"46","K-5","DOWLING 3","","2","2.4%","31","36.5%","3","3.5%","5","5.9%","44","51.8%","","0.0%","85"
"47","K-5","DOWLING 4","","1","1.3%","36","46.2%","","0.0%","5","6.4%","36","46.2%","","0.0%","78"
"48","K-5","DOWLING 5","","1","1.2%","36","41.9%","1","1.2%","5","5.8%","43","50.0%","","0.0%","86"
"49","","DOWLING Total","","11","2.3%","187","39.2%","9","1.9%","28","5.9%","242","50.7%","0","0.0%","477"
"50","K-5","EMERSON SILC KG","","2","2.2%","10","10.8%","1","1.1%","70","75.3%","10","10.8%","","0.0%","93"
"51","K-5","EMERSON SILC 1","","1","1.2%","13","15.3%","1","1.2%","58","68.2%","12","14.1%","","0.0%","85"
"52","K-5","EMERSON SILC 2","","4","5.0%","10","12.5%","1","1.3%","51","63.8%","14","17.5%","","0.0%","80"
"53","K-5","EMERSON SILC 3","","","0.0%","9","12.0%","1","1.3%","53","70.7%","12","16.0%","","0.0%","75"
"54","K-5","EMERSON SILC 4","","","0.0%","11","14.7%","","0.0%","59","78.7%","5","6.7%","","0.0%","75"
"55","K-5","EMERSON SILC 5","","1","1.3%","7","9.0%","2","2.6%","53","67.9%","15","19.2%","","0.0%","78"
"56","","EMERSON SILC Total","","8","1.6%","60","12.3%","6","1.2%","344","70.8%","68","14.0%","0","0.0%","486"
"57","K-5","GREEN KG","","","0.0%","14","27.5%","","0.0%","30","58.8%","7","13.7%","","0.0%","51"
"58","K-5","GREEN 1","","","0.0%","14","38.9%","","0.0%","21","58.3%","1","2.8%","","0.0%","36"
"59","K-5","GREEN 2","","2","4.3%","16","34.0%","3","6.4%","24","51.1%","2","4.3%","","0.0%","47"
"60","K-5","GREEN 3","","2","4.5%","13","29.5%","2","4.5%","25","56.8%","2","4.5%","","0.0%","44"
"61","K-5","GREEN 4","","1","2.3%","13","29.5%","","0.0%","28","63.6%","2","4.5%","","0.0%","44"
"62","K-5","GREEN 5","","1","1.9%","15","28.8%","2","3.8%","32","61.5%","2","3.8%","","0.0%","52"
"63","","GREEN Total","","6","2.2%","85","31.0%","7","2.6%","160","58.4%","16","5.8%","0","0.0%","274"
"64","K-5","HALE KG","","","0.0%","15","11.2%","6","4.5%","7","5.2%","106","79.1%","","0.0%","134"
"65","K-5","HALE 1","","3","2.3%","11","8.5%","9","7.0%","6","4.7%","100","77.5%","","0.0%","129"
"66","K-5","HALE 2","","","0.0%","15","11.5%","10","7.7%","8","6.2%","95","73.1%","2","1.5%","130"
"67","K-5","HALE 3","","","0.0%","18","13.3%","4","3.0%","10","7.4%","103","76.3%","","0.0%","135"
"68","K-5","HALE 4","","1","0.9%","25","21.4%","5","4.3%","4","3.4%","82","70.1%","","0.0%","117"
"69","","HALE Total","","4","0.6%","84","13.0%","34","5.3%","35","5.4%","486","75.3%","2","0.3%","645"
"70","K-5","HALL","KG","1","2.4%","35","85.4%","1","2.4%","3","7.3%","1","2.4%","","0.0%","41"
"71","K-5","HALL","1","1","3.4%","23","79.3%","","0.0%","4","13.8%","1","3.4%","","0.0%","29"
"72","K-5","HALL","2","","0.0%","28","96.6%","","0.0%","","0.0%","1","3.4%","","0.0%","29"
"73","K-5","HALL","3","1","2.9%","27","77.1%","","0.0%","2","5.7%","5","14.3%","","0.0%","35"
"74","K-5","HALL","4","","0.0%","30","88.2%","","0.0%","3","8.8%","1","2.9%","","0.0%","34"
"75","K-5","HALL","5","1","4.0%","18","72.0%","","0.0%","3","12.0%","3","12.0%","","0.0%","25"
"76","","HALL Total","","4","2.1%","161","83.4%","1","0.5%","15","7.8%","12","6.2%","0","0.0%","193"
"77","K-5","HIAWATHA","KG","3","3.7%","7","8.6%","3","3.7%","13","16.0%","55","67.9%","","0.0%","81"
"78","K-5","HIAWATHA","1","3","3.2%","17","17.9%","3","3.2%","7","7.4%","65","68.4%","","0.0%","95"
"79","K-5","HIAWATHA","2","","0.0%","11","15.3%","3","4.2%","8","11.1%","50","69.4%","","0.0%","72"
"80","","HIAWATHA Total","","6","2.4%","35","14.1%","9","3.6%","28","11.3%","170","68.5%","0","0.0%","248"
"81","K-5","HOWE","3","1","1.3%","15","20.0%","1","1.3%","11","14.7%","47","62.7%","","0.0%","75"
"82","K-5","HOWE","4","7","8.5%","15","18.3%","4","4.9%","6","7.3%","48","58.5%","2","2.4%","82"
"83","K-5","HOWE","5","4","6.0%","8","11.9%","1","1.5%","13","19.4%","41","61.2%","","0.0%","67"
"84","","HOWE Total","","12","5.4%","38","17.0%","6","2.7%","30","13.4%","136","60.7%","2","0.9%","224"
"85","K-5","KENNY","KG","1","1.2%","14","17.1%","3","3.7%","2","2.4%","62","75.6%","","0.0%","82"
"86","K-5","KENNY","1","","0.0%","16","20.0%","4","5.0%","2","2.5%","57","71.3%","1","1.3%","80"
"87","K-5","KENNY","2","","0.0%","15","19.5%","5","6.5%","3","3.9%","54","70.1%","","0.0%","77"
"88","K-5","KENNY","3","1","1.3%","16","20.3%","6","7.6%","","0.0%","56","70.9%","","0.0%","79"
"89","K-5","KENNY","4","1","1.2%","23","28.4%","4","4.9%","6","7.4%","47","58.0%","","0.0%","81"
"90","K-5","KENNY","5","1","1.2%","12","14.6%","8","9.8%","6","7.3%","55","67.1%","","0.0%","82"
"91","","KENNY Total","","4","0.8%","96","20.0%","30","6.2%","19","4.0%","331","68.8%","1","0.2%","481"
"92","K-5","KENWOOD","KG","","0.0%","13","15.1%","11","12.8%","9","10.5%","53","61.6%","","0.0%","86"
"93","K-5","KENWOOD","1","1","1.3%","9","11.7%","9","11.7%","5","6.5%","53","68.8%","","0.0%","77"
"94","K-5","KENWOOD","2","","0.0%","9","17.0%","8","15.1%","4","7.5%","32","60.4%","","0.0%","53"
"95","K-5","KENWOOD","3","1","1.4%","12","17.4%","2","2.9%","3","4.3%","50","72.5%","1","1.4%","69"
"96","K-5","KENWOOD","4","","0.0%","12","21.1%","11","19.3%","5","8.8%","29","50.9%","","0.0%","57"
"97","K-5","KENWOOD","5","","0.0%","10","16.9%","2","3.4%","2","3.4%","45","76.3%","","0.0%","59"
"98","","KENWOOD Total","","2","0.5%","65","16.2%","43","10.7%","28","7.0%","262","65.3%","1","0.2%","401"
"99","K-5","LAKE HARRIET LOWER","KG","1","0.8%","8","6.4%","11","8.8%","6","4.8%","99","79.2%","","0.0%","125"
"100","K-5","LAKE HARRIET LOWER","1","","0.0%","5","3.6%","9","6.5%","2","1.4%","121","87.1%","2","1.4%","139"
"101","K-5","LAKE HARRIET LOWER","2","","0.0%","6","4.6%","5","3.8%","","0.0%","119","91.5%","","0.0%","130"
"102","K-5","LAKE HARRIET LOWER","3","1","0.9%","5","4.5%","14","12.6%","2","1.8%","88","79.3%","1","0.9%","111"
"103","","LAKE HARRIET LOWER Total","","2","0.4%","24","4.8%","39","7.7%","10","2.0%","427","84.6%","3","0.6%","505"
"104","K-5","LIND KG","","3","4.8%","41","66.1%","10","16.1%","","0.0%","8","12.9%","","0.0%","62"
"105","K-5","LIND 1","","3","4.4%","50","73.5%","7","10.3%","4","5.9%","4","5.9%","","0.0%","68"
"106","K-5","LIND 2","","2","3.7%","42","77.8%","2","3.7%","4","7.4%","4","7.4%","","0.0%","54"
"107","K-5","LIND 3","","3","4.3%","47","68.1%","11","15.9%","3","4.3%","5","7.2%","","0.0%","69"
"108","K-5","LIND 4","","2","2.7%","59","79.7%","7","9.5%","2","2.7%","4","5.4%","","0.0%","74"
"109","K-5","LIND 5","","1","1.6%","44","68.8%","6","9.4%","8","12.5%","5","7.8%","","0.0%","64"
"110","","LIND Total","","14","3.6%","283","72.4%","43","11.0%","21","5.4%","30","7.7%","0","0.0%","391"
"111","K-5","LK NOKOMIS WENONAH KG","","1","1.2%","15","18.3%","3","3.7%","8","9.8%","55","67.1%","","0.0%","82"
"112","K-5","LK NOKOMIS WENONAH 1","","3","2.8%","19","17.8%","2","1.9%","12","11.2%","71","66.4%","","0.0%","107"
"113","K-5","LK NOKOMIS WENONAH 2","","1","1.1%","14","14.9%","1","1.1%","13","13.8%","65","69.1%","","0.0%","94"
"114","","LK NOKOMIS WENONAH Total","","5","1.8%","48","17.0%","6","2.1%","33","11.7%","191","67.5%","0","0.0%","283"
"115","K-5","LORING KG","","1","1.5%","28","41.8%","11","16.4%","6","9.0%","21","31.3%","","0.0%","67"
"116","K-5","LORING 1","","2","2.8%","30","41.7%","6","8.3%","8","11.1%","26","36.1%","","0.0%","72"
"117","K-5","LORING 2","","2","2.7%","25","34.2%","8","11.0%","5","6.8%","33","45.2%","","0.0%","73"
"118","K-5","LORING 3","","","0.0%","31","44.9%","13","18.8%","5","7.2%","20","29.0%","","0.0%","69"
"119","K-5","LORING 4","","2","3.3%","33","55.0%","3","5.0%","8","13.3%","14","23.3%","","0.0%","60"
"120","K-5","LORING 5","","1","1.6%","33","52.4%","9","14.3%","7","11.1%","13","20.6%","","0.0%","63"
"121","","LORING Total","","8","2.0%","180","44.6%","50","12.4%","39","9.7%","127","31.4%","0","0.0%","404"
"122","K-5","LUCY LANEY @ CLVLND KG","","1","1.4%","61","85.9%","3","4.2%","1","1.4%","5","7.0%","","0.0%","71"
"123","K-5","LUCY LANEY @ CLVLND 1","","2","2.5%","69","87.3%","","0.0%","7","8.9%","1","1.3%","","0.0%","79"
"124","K-5","LUCY LANEY @ CLVLND 2","","3","4.3%","60","87.0%","1","1.4%","2","2.9%","3","4.3%","","0.0%","69"
"125","K-5","LUCY LANEY @ CLVLND 3","","2","2.7%","68","90.7%","2","2.7%","1","1.3%","2","2.7%","","0.0%","75"
"126","K-5","LUCY LANEY @ CLVLND 4","","3","4.0%","69","92.0%","1","1.3%","","0.0%","2","2.7%","","0.0%","75"
"127","K-5","LUCY LANEY @ CLVLND 5","","2","2.9%","62","91.2%","","0.0%","3","4.4%","1","1.5%","","0.0%","68"
"128","","LUCY LANEY @ CLVLND Total","","13","3.0%","389","89.0%","7","1.6%","14","3.2%","14","3.2%","0","0.0%","437"
"129","K-5","LYNDALE KG","","4","4.9%","36","43.9%","3","3.7%","3","3.7%","36","43.9%","","0.0%","82"
"130","K-5","LYNDALE 1","","1","1.2%","25","29.4%","3","3.5%","12","14.1%","43","50.6%","1","1.2%","85"
"131","K-5","LYNDALE 2","","1","1.2%","42","48.8%","3","3.5%","10","11.6%","30","34.9%","","0.0%","86"
"132","K-5","LYNDALE 3","","","0.0%","39","44.8%","3","3.4%","10","11.5%","35","40.2%","","0.0%","87"
"133","K-5","LYNDALE 4","","2","3.1%","30","46.2%","2","3.1%","10","15.4%","21","32.3%","","0.0%","65"
"134","K-5","LYNDALE 5","","1","1.1%","53","58.9%","1","1.1%","10","11.1%","25","27.8%","","0.0%","90"
"135","","LYNDALE Total","","9","1.8%","225","45.5%","15","3.0%","55","11.1%","190","38.4%","1","0.2%","495"
"136","K-5","NELLIE STONE JOHNSON KG","","3","4.2%","38","53.5%","3","4.2%","20","28.2%","6","8.5%","1","1.4%","71"
"137","K-5","NELLIE STONE JOHNSON 1","","2","3.0%","33","50.0%","2","3.0%","24","36.4%","5","7.6%","","0.0%","66"
"138","K-5","NELLIE STONE JOHNSON 2","","","0.0%","35","57.4%","1","1.6%","21","34.4%","4","6.6%","","0.0%","61"
"139","K-5","NELLIE STONE JOHNSON 3","","2","2.9%","40","58.8%","","0.0%","22","32.4%","4","5.9%","","0.0%","68"
"140","K-5","NELLIE STONE JOHNSON 4","","2","3.4%","31","52.5%","","0.0%","26","44.1%","","0.0%","","0.0%","59"
"141","K-5","NELLIE STONE JOHNSON 5","","2","3.2%","31","49.2%","","0.0%","30","47.6%","","0.0%","","0.0%","63"
"142","","NELLIE STONE JOHNSON Total","","11","2.8%","208","53.6%","6","1.5%","143","36.9%","19","4.9%","1","0.3%","388"
"143","K-5","NORTHROP KG","","1","1.0%","9","9.1%","6","6.1%","5","5.1%","78","78.8%","","0.0%","99"
"144","K-5","NORTHROP 1","","1","1.4%","7","9.6%","1","1.4%","5","6.8%","59","80.8%","","0.0%","73"
"145","K-5","NORTHROP 2","","2","2.5%","8","10.1%","1","1.3%","8","10.1%","59","74.7%","1","1.3%","79"
"146","K-5","NORTHROP 3","","3","3.9%","5","6.6%","8","10.5%","7","9.2%","53","69.7%","","0.0%","76"
"147","K-5","NORTHROP 4","","3","3.9%","3","3.9%","2","2.6%","7","9.1%","62","80.5%","","0.0%","77"
"148","K-5","NORTHROP 5","","3","3.4%","6","6.7%","4","4.5%","12","13.5%","64","71.9%","","0.0%","89"
"149","","NORTHROP Total","","13","2.6%","38","7.7%","22","4.5%","44","8.9%","375","76.1%","1","0.2%","493"
"150","K-5","PILLSBURY KG","","2","3.8%","28","52.8%","","0.0%","13","24.5%","10","18.9%","","0.0%","53"
"151","K-5","PILLSBURY 1","","","0.0%","30","54.5%","","0.0%","13","23.6%","12","21.8%","","0.0%","55"
"152","K-5","PILLSBURY 2","","","0.0%","29","56.9%","","0.0%","16","31.4%","6","11.8%","","0.0%","51"
"153","K-5","PILLSBURY 3","","1","1.8%","28","50.0%","2","3.6%","14","25.0%","11","19.6%","","0.0%","56"
"154","K-5","PILLSBURY 4","","1","1.7%","32","53.3%","1","1.7%","13","21.7%","13","21.7%","","0.0%","60"
"155","K-5","PILLSBURY 5","","1","2.1%","22","46.8%","1","2.1%","14","29.8%","9","19.1%","","0.0%","47"
"156","","PILLSBURY Total","","5","1.6%","169","52.5%","4","1.2%","83","25.8%","61","18.9%","0","0.0%","322"
"157","K-5","PRATT KG","","2","4.0%","24","48.0%","2","4.0%","3","6.0%","19","38.0%","","0.0%","50"
"158","K-5","PRATT 1","","4","9.5%","22","52.4%","1","2.4%","1","2.4%","14","33.3%","","0.0%","42"
"159","K-5","PRATT 2","","2","4.1%","27","55.1%","","0.0%","4","8.2%","16","32.7%","","0.0%","49"
"160","K-5","PRATT 3","","3","6.7%","25","55.6%","1","2.2%","6","13.3%","10","22.2%","","0.0%","45"
"161","K-5","PRATT 4","","6","13.3%","21","46.7%","1","2.2%","2","4.4%","15","33.3%","","0.0%","45"
"162","K-5","PRATT 5","","6","14.0%","23","53.5%","2","4.7%","1","2.3%","11","25.6%","","0.0%","43"
"163","","PRATT Total","","23","8.4%","142","51.8%","7","2.6%","17","6.2%","85","31.0%","0","0.0%","274"
"164","K-5","SHERIDAN KG","","2","3.2%","29","46.8%","2","3.2%","18","29.0%","11","17.7%","","0.0%","62"
"165","K-5","SHERIDAN 1","","2","3.6%","17","30.9%","3","5.5%","21","38.2%","12","21.8%","","0.0%","55"
"166","K-5","SHERIDAN 2","","2","5.0%","19","47.5%","1","2.5%","11","27.5%","7","17.5%","","0.0%","40"
"167","K-5","SHERIDAN 3","","1","2.3%","23","53.5%","","0.0%","15","34.9%","4","9.3%","","0.0%","43"
"168","K-5","SHERIDAN 4","","2","6.3%","19","59.4%","1","3.1%","6","18.8%","3","9.4%","1","3.1%","32"
"169","K-5","SHERIDAN 5","","6","13.6%","21","47.7%","2","4.5%","11","25.0%","4","9.1%","","0.0%","44"
"170","","SHERIDAN Total","","15","5.4%","128","46.4%","9","3.3%","82","29.7%","41","14.9%","1","0.4%","276"
"171","K-5","WAITE PARK KG","","5","6.6%","14","18.4%","8","10.5%","4","5.3%","45","59.2%","","0.0%","76"
"172","K-5","WAITE PARK 1","","2","3.2%","19","30.2%","5","7.9%","2","3.2%","35","55.6%","","0.0%","63"
"173","K-5","WAITE PARK 2","","2","2.8%","16","22.5%","5","7.0%","10","14.1%","38","53.5%","","0.0%","71"
"174","K-5","WAITE PARK 3","","1","1.6%","18","28.6%","2","3.2%","3","4.8%","39","61.9%","","0.0%","63"
"175","K-5","WAITE PARK 4","","3","4.3%","16","23.2%","2","2.9%","12","17.4%","36","52.2%","","0.0%","69"
"176","K-5","WAITE PARK 5","","3","4.5%","15","22.7%","1","1.5%","9","13.6%","38","57.6%","","0.0%","66"
"177","","WAITE PARK Total","","16","3.9%","98","24.0%","23","5.6%","40","9.8%","231","56.6%","0","0.0%","408"
"178","K-5","WEBSTER COMMUNITY KG","","2","2.8%","14","19.4%","11","15.3%","11","15.3%","34","47.2%","","0.0%","72"
"179","K-5","WEBSTER COMMUNITY 1","","5","7.8%","11","17.2%","12","18.8%","10","15.6%","26","40.6%","","0.0%","64"
"180","K-5","WEBSTER COMMUNITY 2","","3","6.5%","13","28.3%","3","6.5%","6","13.0%","21","45.7%","","0.0%","46"
"181","K-5","WEBSTER COMMUNITY 3","","2","4.8%","14","33.3%","4","9.5%","5","11.9%","17","40.5%","","0.0%","42"
"182","K-5","WEBSTER COMMUNITY 4","","1","3.7%","11","40.7%","4","14.8%","4","14.8%","7","25.9%","","0.0%","27"
"183","K-5","WEBSTER COMMUNITY 5","","3","11.5%","4","15.4%","2","7.7%","","0.0%","17","65.4%","","0.0%","26"
"184","","WEBSTER COMMUNITY Total","","16","5.8%","67","24.2%","36","13.0%","36","13.0%","122","44.0%","0","0.0%","277"
"185","K-5","WHITTIER KG","","2","2.2%","47","51.6%","3","3.3%","25","27.5%","14","15.4%","","0.0%","91"
"186","K-5","WHITTIER 1","","","0.0%","61","64.2%","1","1.1%","17","17.9%","16","16.8%","","0.0%","95"
"187","K-5","WHITTIER 2","","","0.0%","41","48.8%","4","4.8%","22","26.2%","17","20.2%","","0.0%","84"
"188","K-5","WHITTIER 3","","2","2.4%","38","45.2%","2","2.4%","20","23.8%","22","26.2%","","0.0%","84"
"189","K-5","WHITTIER 4","","1","1.1%","45","49.5%","1","1.1%","23","25.3%","21","23.1%","","0.0%","91"
"190","K-5","WHITTIER 5","","1","1.2%","37","44.0%","4","4.8%","26","31.0%","16","19.0%","","0.0%","84"
"191","","WHITTIER Total","","6","1.1%","269","50.9%","15","2.8%","133","25.1%","106","20.0%","0","0.0%","529"
"192","K-5","WINDOM KG","","","0.0%","10","9.2%","3","2.8%","43","39.4%","52","47.7%","1","0.9%","109"
"193","K-5","WINDOM 1","","","0.0%","7","7.1%","2","2.0%","44","44.4%","45","45.5%","1","1.0%","99"
"194","K-5","WINDOM 2","","","0.0%","3","3.2%","1","1.1%","40","42.1%","51","53.7%","","0.0%","95"
"195","K-5","WINDOM 3","","","0.0%","2","2.0%","","0.0%","43","43.4%","54","54.5%","","0.0%","99"
"196","K-5","WINDOM 4","","","0.0%","2","2.1%","2","2.1%","46","47.4%","47","48.5%","","0.0%","97"
"197","K-5","WINDOM 5","","","0.0%","4","5.0%","2","2.5%","44","55.0%","30","37.5%","","0.0%","80"
"198","","WINDOM Total","","0","0.0%","28","4.8%","10","1.7%","260","44.9%","279","48.2%","2","0.3%","579"
"199","K-8","ANDERSEN UNITED KG","","1","1.1%","39","44.8%","2","2.3%","36","41.4%","9","10.3%","","0.0%","87"
"200","K-8","ANDERSEN UNITED 1","","1","1.1%","38","40.0%","3","3.2%","52","54.7%","1","1.1%","","0.0%","95"
"201","K-8","ANDERSEN UNITED 2","","3","4.1%","34","45.9%","2","2.7%","35","47.3%","","0.0%","","0.0%","74"
"202","K-8","ANDERSEN UNITED 3","","1","1.1%","31","35.2%","","0.0%","48","54.5%","8","9.1%","","0.0%","88"
"203","K-8","ANDERSEN UNITED 4","","4","4.2%","35","36.5%","1","1.0%","49","51.0%","7","7.3%","","0.0%","96"
"204","K-8","ANDERSEN UNITED 5","","3","3.5%","28","32.6%","","0.0%","54","62.8%","1","1.2%","","0.0%","86"
"205","K-8","ANDERSEN UNITED 6","","3","2.9%","34","32.7%","2","1.9%","63","60.6%","2","1.9%","","0.0%","104"
"206","K-8","ANDERSEN UNITED 7","","5","4.7%","43","40.2%","","0.0%","56","52.3%","3","2.8%","","0.0%","107"
"207","K-8","ANDERSEN UNITED 8","","6","5.6%","29","27.1%","1","0.9%","67","62.6%","4","3.7%","","0.0%","107"
"208","","ANDERSEN UNITED Total","","27","3.2%","311","36.8%","11","1.3%","460","54.5%","35","4.1%","0","0.0%","844"
"209","K-8","ANISHINABE ACAD KG","","26","66.7%","4","10.3%","1","2.6%","5","12.8%","2","5.1%","1","2.6%","39"
"210","K-8","ANISHINABE ACAD 1","","22","61.1%","5","13.9%","","0.0%","7","19.4%","1","2.8%","1","2.8%","36"
"211","K-8","ANISHINABE ACAD 2","","15","60.0%","4","16.0%","","0.0%","5","20.0%","1","4.0%","","0.0%","25"
"212","K-8","ANISHINABE ACAD 3","","32","78.0%","3","7.3%","","0.0%","5","12.2%","1","2.4%","","0.0%","41"
"213","K-8","ANISHINABE ACAD 4","","30","75.0%","2","5.0%","","0.0%","7","17.5%","","0.0%","1","2.5%","40"
"214","K-8","ANISHINABE ACAD 5","","26","72.2%","1","2.8%","","0.0%","8","22.2%","1","2.8%","","0.0%","36"
"215","","ANISHINABE ACAD Total","","151","69.6%","19","8.8%","1","0.5%","37","17.1%","6","2.8%","3","1.4%","217"
"216","K-8","BARTON KG","","","0.0%","23","30.3%","2","2.6%","2","2.6%","49","64.5%","","0.0%","76"
"217","K-8","BARTON 1","","1","1.4%","35","49.3%","6","8.5%","1","1.4%","28","39.4%","","0.0%","71"
"218","K-8","BARTON 2","","1","1.4%","36","48.6%","4","5.4%","4","5.4%","29","39.2%","","0.0%","74"
"219","K-8","BARTON 3","","","0.0%","39","54.9%","3","4.2%","2","2.8%","27","38.0%","","0.0%","71"
"220","K-8","BARTON 4","","1","1.2%","30","37.0%","3","3.7%","3","3.7%","44","54.3%","","0.0%","81"
"221","K-8","BARTON 5","","","0.0%","29","35.8%","2","2.5%","5","6.2%","45","55.6%","","0.0%","81"
"222","K-8","BARTON 6","","1","1.3%","33","42.9%","1","1.3%","4","5.2%","37","48.1%","1","1.3%","77"
"223","K-8","BARTON 7","","","0.0%","36","42.9%","2","2.4%","2","2.4%","44","52.4%","","0.0%","84"
"224","K-8","BARTON 8","","2","2.4%","24","28.6%","3","3.6%","4","4.8%","50","59.5%","1","1.2%","84"
"225","","BARTON Total","","6","0.9%","285","40.8%","26","3.7%","27","3.9%","353","50.5%","2","0.3%","699"
"226","K-8","FIELD 5","","1","0.7%","13","9.5%","5","3.6%","10","7.3%","107","78.1%","1","0.7%","137"
"227","K-8","FIELD 6","","2","1.8%","11","9.8%","3","2.7%","10","8.9%","85","75.9%","1","0.9%","112"
"228","K-8","FIELD 7","","4","3.0%","18","13.3%","9","6.7%","5","3.7%","99","73.3%","","0.0%","135"
"229","K-8","FIELD 8","","2","1.5%","25","18.7%","5","3.7%","8","6.0%","94","70.1%","","0.0%","134"
"230","","FIELD Total","","9","1.7%","67","12.9%","22","4.2%","33","6.4%","385","74.3%","2","0.4%","518"
"231","K-8","FOLWELL FINE ARTS KG","","4","4.3%","37","39.8%","","0.0%","40","43.0%","12","12.9%","","0.0%","93"
"232","K-8","FOLWELL FINE ARTS 1","","7","8.2%","26","30.6%","1","1.2%","33","38.8%","18","21.2%","","0.0%","85"
"233","K-8","FOLWELL FINE ARTS 2","","","0.0%","22","30.1%","","0.0%","37","50.7%","14","19.2%","","0.0%","73"
"234","K-8","FOLWELL FINE ARTS 3","","7","7.6%","30","32.6%","2","2.2%","47","51.1%","6","6.5%","","0.0%","92"
"235","K-8","FOLWELL FINE ARTS 4","","1","1.1%","31","34.8%","","0.0%","46","51.7%","11","12.4%","","0.0%","89"
"236","K-8","FOLWELL FINE ARTS 5","","6","6.7%","22","24.4%","2","2.2%","51","56.7%","9","10.0%","","0.0%","90"
"237","K-8","FOLWELL FINE ARTS 6","","3","3.2%","22","23.2%","","0.0%","60","63.2%","9","9.5%","1","1.1%","95"
"238","K-8","FOLWELL FINE ARTS 7","","4","4.3%","29","30.9%","2","2.1%","53","56.4%","6","6.4%","","0.0%","94"
"239","K-8","FOLWELL FINE ARTS 8","","5","4.9%","25","24.3%","1","1.0%","61","59.2%","11","10.7%","","0.0%","103"
"240","","FOLWELL FINE ARTS Total","","37","4.5%","244","30.0%","8","1.0%","428","52.6%","96","11.8%","1","0.1%","814"
"241","K-8","HMONG INTERNATIONALKG","","2","3.5%","21","36.8%","30","52.6%","2","3.5%","2","3.5%","","0.0%","57"
"242","K-8","HMONG INTERNATIONAL 1","","1","1.6%","31","49.2%","28","44.4%","1","1.6%","2","3.2%","","0.0%","63"
"243","K-8","HMONG INTERNATIONAL 2","","1","1.9%","24","46.2%","27","51.9%","","0.0%","","0.0%","","0.0%","52"
"244","K-8","HMONG INTERNATIONAL 3","","2","3.7%","24","44.4%","25","46.3%","3","5.6%","","0.0%","","0.0%","54"
"245","K-8","HMONG INTERNATIONAL 4","","1","1.6%","34","53.1%","27","42.2%","2","3.1%","","0.0%","","0.0%","64"
"246","K-8","HMONG INTERNATIONAL 5","","1","1.9%","27","50.9%","22","41.5%","2","3.8%","1","1.9%","","0.0%","53"
"247","K-8","HMONG INTERNATIONAL 6","","1","1.6%","33","53.2%","24","38.7%","3","4.8%","1","1.6%","","0.0%","62"
"248","K-8","HMONG INTERNATIONAL 7","","1","1.3%","36","46.2%","37","47.4%","2","2.6%","2","2.6%","","0.0%","78"
"249","K-8","HMONG INTERNATIONAL 8","","2","4.2%","25","52.1%","19","39.6%","1","2.1%","1","2.1%","","0.0%","48"
"250","","HMONG INTERNATIONAL Total","","12","2.3%","255","48.0%","239","45.0%","16","3.0%","9","1.7%","0","0.0%","531"
"251","K-8","JEFFERSON KG","","","0.0%","14","35.0%","1","2.5%","22","55.0%","3","7.5%","","0.0%","40"
"252","K-8","JEFFERSON 1","","","0.0%","21","46.7%","1","2.2%","20","44.4%","3","6.7%","","0.0%","45"
"253","K-8","JEFFERSON 2","","1","2.4%","9","22.0%","1","2.4%","28","68.3%","2","4.9%","","0.0%","41"
"254","K-8","JEFFERSON 3","","1","2.3%","20","45.5%","","0.0%","21","47.7%","2","4.5%","","0.0%","44"
"255","K-8","JEFFERSON 4","","1","1.5%","24","36.9%","3","4.6%","31","47.7%","6","9.2%","","0.0%","65"
"256","K-8","JEFFERSON 5","","3","6.1%","20","40.8%","","0.0%","25","51.0%","1","2.0%","","0.0%","49"
"257","K-8","JEFFERSON 6","","","0.0%","23","38.3%","6","10.0%","28","46.7%","2","3.3%","1","1.7%","60"
"258","K-8","JEFFERSON 7","","1","2.0%","21","41.2%","1","2.0%","28","54.9%","","0.0%","","0.0%","51"
"259","K-8","JEFFERSON 8","","1","1.9%","25","46.3%","1","1.9%","27","50.0%","","0.0%","","0.0%","54"
"260","","JEFFERSON Total","","8","1.8%","177","39.4%","14","3.1%","230","51.2%","19","4.2%","1","0.2%","449"
"261","K-8","LAKE HARRIET UPPER 4","","","0.0%","4","3.1%","14","10.9%","3","2.3%","107","83.6%","","0.0%","128"
"262","K-8","LAKE HARRIET UPPER 5","","","0.0%","1","0.8%","4","3.1%","7","5.5%","115","90.6%","","0.0%","127"
"263","K-8","LAKE HARRIET UPPER 6","","","0.0%","3","2.4%","12","9.7%","6","4.8%","103","83.1%","","0.0%","124"
"264","K-8","LAKE HARRIET UPPER 7","","","0.0%","5","3.9%","4","3.1%","4","3.1%","114","89.8%","","0.0%","127"
"265","K-8","LAKE HARRIET UPPER 8","","","0.0%","7","5.5%","9","7.0%","4","3.1%","108","84.4%","","0.0%","128"
"266","","LAKE HARRIET UPPER Total","","0","0.0%","20","3.2%","43","6.8%","24","3.8%","547","86.3%","0","0.0%","634"
"267","K-8","LK NOKOMIS KEEWAYDIN3","","2","2.4%","7","8.3%","5","6.0%","12","14.3%","58","69.0%","","0.0%","84"
"268","K-8","LK NOKOMIS KEEWAYDIN4","","1","1.3%","17","21.3%","3","3.8%","12","15.0%","47","58.8%","","0.0%","80"
"269","K-8","LK NOKOMIS KEEWAYDIN5","","4","5.1%","19","24.1%","4","5.1%","8","10.1%","43","54.4%","1","1.3%","79"
"270","K-8","LK NOKOMIS KEEWAYDIN6","","3","3.5%","15","17.6%","4","4.7%","16","18.8%","47","55.3%","","0.0%","85"
"271","K-8","LK NOKOMIS KEEWAYDIN7","","1","1.4%","17","23.6%","2","2.8%","11","15.3%","41","56.9%","","0.0%","72"
"272","K-8","LK NOKOMIS KEEWAYDIN8","","2","3.1%","12","18.8%","2","3.1%","13","20.3%","35","54.7%","","0.0%","64"
"273","","LK NOKOMIS KEEWAYDIN Total","","13","2.8%","87","18.8%","20","4.3%","72","15.5%","271","58.4%","1","0.2%","464"
"274","K-8","MARCY OPEN","KG","","0.0%","29","37.7%","8","10.4%","3","3.9%","37","48.1%","","0.0%","77"
"275","K-8","MARCY OPEN","1","2","2.6%","32","42.1%","5","6.6%","8","10.5%","29","38.2%","","0.0%","76"
"276","K-8","MARCY OPEN","2","","0.0%","38","48.7%","1","1.3%","6","7.7%","32","41.0%","1","1.3%","78"
"277","K-8","MARCY OPEN","3","1","1.3%","33","42.9%","8","10.4%","2","2.6%","32","41.6%","1","1.3%","77"
"278","K-8","MARCY OPEN","4","2","2.4%","31","36.9%","4","4.8%","10","11.9%","37","44.0%","","0.0%","84"
"279","K-8","MARCY OPEN","5","3","3.9%","33","42.9%","2","2.6%","4","5.2%","35","45.5%","","0.0%","77"
"280","K-8","MARCY OPEN","6","3","3.2%","36","38.7%","3","3.2%","8","8.6%","43","46.2%","","0.0%","93"
"281","K-8","MARCY OPEN","7","3","3.4%","44","50.6%","2","2.3%","12","13.8%","26","29.9%","","0.0%","87"
"282","K-8","MARCY OPEN","8","2","2.2%","34","37.8%","4","4.4%","12","13.3%","38","42.2%","","0.0%","90"
"283","","MARCY OPEN Total","","16","2.2%","310","41.9%","37","5.0%","65","8.8%","309","41.8%","2","0.3%","739"
"284","K-8","SEWARD","KG","1","1.0%","52","54.2%","2","2.1%","6","6.3%","34","35.4%","1","1.0%","96"
"285","K-8","SEWARD","1","1","1.1%","43","45.3%","2","2.1%","4","4.2%","45","47.4%","","0.0%","95"
"286","K-8","SEWARD","2","2","1.9%","56","54.4%","7","6.8%","5","4.9%","33","32.0%","","0.0%","103"
"287","K-8","SEWARD","3","1","1.1%","41","46.6%","5","5.7%","8","9.1%","33","37.5%","","0.0%","88"
"288","K-8","SEWARD","4","3","3.1%","46","47.9%","1","1.0%","2","2.1%","44","45.8%","","0.0%","96"
"289","K-8","SEWARD","5","3","3.1%","50","52.1%","3","3.1%","5","5.2%","35","36.5%","","0.0%","96"
"290","K-8","SEWARD","6","4","4.5%","49","55.1%","2","2.2%","5","5.6%","29","32.6%","","0.0%","89"
"291","K-8","SEWARD","7","5","5.3%","44","46.8%","4","4.3%","6","6.4%","35","37.2%","","0.0%","94"
"292","K-8","SEWARD","8","2","2.2%","42","47.2%","3","3.4%","2","2.2%","40","44.9%","","0.0%","89"
"293","","SEWARD Total","","22","2.6%","423","50.0%","29","3.4%","43","5.1%","328","38.8%","1","0.1%","846"
"294","K-8","SULLIVAN","KG","1","1.6%","53","86.9%","1","1.6%","2","3.3%","4","6.6%","","0.0%","61"
"295","K-8","SULLIVAN","1","5","9.8%","42","82.4%","","0.0%","2","3.9%","2","3.9%","","0.0%","51"
"296","K-8","SULLIVAN","2","3","5.4%","48","85.7%","2","3.6%","","0.0%","3","5.4%","","0.0%","56"
"297","K-8","SULLIVAN","3","1","1.5%","59","89.4%","","0.0%","3","4.5%","3","4.5%","","0.0%","66"
"298","K-8","SULLIVAN","4","3","4.6%","53","81.5%","","0.0%","6","9.2%","3","4.6%","","0.0%","65"
"299","K-8","SULLIVAN","5","1","1.9%","48","92.3%","1","1.9%","1","1.9%","1","1.9%","","0.0%","52"
"300","K-8","SULLIVAN","6","5","7.7%","52","80.0%","","0.0%","4","6.2%","4","6.2%","","0.0%","65"
"301","K-8","SULLIVAN","7","6","10.5%","48","84.2%","1","1.8%","1","1.8%","1","1.8%","","0.0%","57"
"302","K-8","SULLIVAN","8","2","3.8%","48","92.3%","","0.0%","2","3.8%","","0.0%","","0.0%","52"
"303","","SULLIVAN Total","","27","5.1%","451","85.9%","5","1.0%","21","4.0%","21","4.0%","0","0.0%","525"
"304","Mid Schl","ANTHONY","6","1","0.4%","75","28.1%","11","4.1%","33","12.4%","146","54.7%","1","0.4%","267"
"305","Mid Schl","ANTHONY","7","1","0.4%","73","28.0%","10","3.8%","29","11.1%","146","55.9%","2","0.8%","261"
"306","Mid Schl","ANTHONY","8","1","0.4%","76","29.9%","12","4.7%","28","11.0%","137","53.9%","","0.0%","254"
"307","","ANTHONY Total","","3","0.4%","224","28.6%","33","4.2%","90","11.5%","429","54.9%","3","0.4%","782"
"308","Mid Schl","ANWATIN NEW","6","4","2.0%","78","39.8%","16","8.2%","64","32.7%","34","17.3%","","0.0%","196"
"309","Mid Schl","ANWATIN NEW","7","6","3.1%","79","40.9%","10","5.2%","68","35.2%","29","15.0%","1","0.5%","193"
"310","Mid Schl","ANWATIN NEW","8","4","2.3%","62","36.0%","13","7.6%","67","39.0%","26","15.1%","","0.0%","172"
"311","","ANWATIN NEW Total","","14","2.5%","219","39.0%","39","7.0%","199","35.5%","89","15.9%","1","0.2%","561"
"312","Mid Schl","FRANKLIN","6","6","4.5%","100","75.8%","1","0.8%","21","15.9%","3","2.3%","1","0.8%","132"
"313","Mid Schl","FRANKLIN","7","6","5.2%","78","67.8%","3","2.6%","23","20.0%","5","4.3%","","0.0%","115"
"314","Mid Schl","FRANKLIN","8","4","3.3%","92","74.8%","2","1.6%","20","16.3%","4","3.3%","1","0.8%","123"
"315","","FRANKLIN Total","","16","4.3%","270","73.0%","6","1.6%","64","17.3%","12","3.2%","2","0.5%","370"
"316","Mid Schl","JUSTICE PAGE","6","6","2.1%","65","23.1%","10","3.6%","59","21.0%","141","50.2%","","0.0%","281"
"317","Mid Schl","JUSTICE PAGE","7","3","1.0%","65","22.7%","6","2.1%","55","19.2%","156","54.5%","1","0.3%","286"
"318","Mid Schl","JUSTICE PAGE","8","4","1.4%","69","24.7%","15","5.4%","41","14.7%","148","53.0%","2","0.7%","279"
"319","","JUSTICE PAGE Total","","13","1.5%","199","23.5%","31","3.7%","155","18.3%","445","52.6%","3","0.4%","846"
"320","Mid Schl","NORTHEAST","6","13","7.5%","73","42.0%","6","3.4%","42","24.1%","40","23.0%","","0.0%","174"
"321","Mid Schl","NORTHEAST","7","15","9.4%","70","44.0%","9","5.7%","27","17.0%","38","23.9%","","0.0%","159"
"322","Mid Schl","NORTHEAST","8","20","11.8%","76","44.7%","7","4.1%","29","17.1%","38","22.4%","","0.0%","170"
"323","","NORTHEAST Total","","48","9.5%","219","43.5%","22","4.4%","98","19.5%","116","23.1%","0","0.0%","503"
"324","Mid Schl","OLSON","6","4","2.8%","93","65.5%","9","6.3%","16","11.3%","20","14.1%","","0.0%","142"
"325","Mid Schl","OLSON","7","4","3.4%","77","66.4%","10","8.6%","12","10.3%","13","11.2%","","0.0%","116"
"326","Mid Schl","OLSON","8","2","1.5%","82","62.1%","14","10.6%","19","14.4%","15","11.4%","","0.0%","132"
"327","","OLSON Total","","10","2.6%","252","64.6%","33","8.5%","47","12.1%","48","12.3%","0","0.0%","390"
"328","Mid Schl","SANFORD","6","22","7.1%","88","28.3%","13","4.2%","62","19.9%","126","40.5%","","0.0%","311"
"329","Mid Schl","SANFORD","7","19","5.8%","87","26.5%","11","3.4%","67","20.4%","143","43.6%","1","0.3%","328"
"330","Mid Schl","SANFORD","8","35","10.6%","93","28.1%","14","4.2%","55","16.6%","134","40.5%","","0.0%","331"
"331","","SANFORD Total","","76","7.8%","268","27.6%","38","3.9%","184","19.0%","403","41.5%","1","0.1%","970"
"332","High Schl","EDISON HIGH","9","8","3.3%","131","53.3%","16","6.5%","41","16.7%","50","20.3%","","0.0%","246"
"333","High Schl","EDISON HIGH","10","14","5.6%","145","57.5%","11","4.4%","33","13.1%","49","19.4%","","0.0%","252"
"334","High Schl","EDISON HIGH","11","8","3.1%","149","58.7%","10","3.9%","47","18.5%","40","15.7%","","0.0%","254"
"335","High Schl","EDISON HIGH","12","8","3.1%","144","56.0%","14","5.4%","46","17.9%","45","17.5%","","0.0%","257"
"336","","EDISON HIGH Total","","38","3.8%","569","56.4%","51","5.1%","167","16.6%","184","18.2%","0","0.0%","1009"
"337","High Schl","FAIR HIGH SCHOOL","9","4","5.2%","34","44.2%","5","6.5%","10","13.0%","24","31.2%","","0.0%","77"
"338","High Schl","FAIR HIGH SCHOOL","10","1","1.9%","26","49.1%","2","3.8%","9","17.0%","14","26.4%","1","1.9%","53"
"339","High Schl","FAIR HIGH SCHOOL","11","","0.0%","21","44.7%","","0.0%","9","19.1%","16","34.0%","1","2.1%","47"
"340","High Schl","FAIR HIGH SCHOOL","12","","0.0%","24","48.0%","","0.0%","8","16.0%","18","36.0%","","0.0%","50"
"341","","FAIR HIGH SCHOOL Total","","5","2.2%","105","46.3%","7","3.1%","36","15.9%","72","31.7%","2","0.9%","227"
"342","High Schl","HENRY HIGH 9","","6","2.2%","143","52.8%","68","25.1%","34","12.5%","19","7.0%","1","0.4%","271"
"343","High Schl","HENRY HIGH 10","","5","2.0%","121","48.4%","91","36.4%","19","7.6%","14","5.6%","","0.0%","250"
"344","High Schl","HENRY HIGH 11","","5","1.8%","148","53.2%","83","29.9%","26","9.4%","16","5.8%","","0.0%","278"
"345","High Schl","HENRY HIGH 12","","2","0.8%","126","48.5%","86","33.1%","25","9.6%","21","8.1%","","0.0%","260"
"346","","HENRY HIGH Total","","18","1.7%","538","50.8%","328","31.0%","104","9.8%","70","6.6%","1","0.1%","1059"
"347","High Schl","HERITAGE 6","","","0.0%","11","100.0%","","0.0%","","0.0%","","0.0%","","0.0%","11"
"348","High Schl","HERITAGE 7","","1","4.5%","21","95.5%","","0.0%","","0.0%","","0.0%","","0.0%","22"
"349","High Schl","HERITAGE 8","","","0.0%","32","100.0%","","0.0%","","0.0%","","0.0%","","0.0%","32"
"350","High Schl","HERITAGE 9","","","0.0%","32","97.0%","","0.0%","","0.0%","1","3.0%","","0.0%","33"
"351","High Schl","HERITAGE 10","","","0.0%","38","100.0%","","0.0%","","0.0%","","0.0%","","0.0%","38"
"352","High Schl","HERITAGE 11","","","0.0%","43","100.0%","","0.0%","","0.0%","","0.0%","","0.0%","43"
"353","High Schl","HERITAGE 12","","","0.0%","26","100.0%","","0.0%","","0.0%","","0.0%","","0.0%","26"
"354","","HERITAGE Total","","1","0.5%","203","99.0%","0","0.0%","0","0.0%","1","0.5%","0","0.0%","205"
"355","High Schl","NORTH ACADEMY 9","","1","0.8%","115","92.0%","2","1.6%","4","3.2%","3","2.4%","","0.0%","125"
"356","High Schl","NORTH ACADEMY 10","","3","2.4%","113","89.0%","2","1.6%","6","4.7%","3","2.4%","","0.0%","127"
"357","High Schl","NORTH ACADEMY 11","","1","0.9%","95","88.0%","3","2.8%","8","7.4%","1","0.9%","","0.0%","108"
"358","High Schl","NORTH ACADEMY 12","","","0.0%","80","90.9%","2","2.3%","3","3.4%","3","3.4%","","0.0%","88"
"359","","NORTH ACADEMY Total","","5","1.1%","403","90.0%","9","2.0%","21","4.7%","10","2.2%","0","0.0%","448"
"360","High Schl","ROOSEVELT HIGH 9","","11","4.2%","99","37.9%","15","5.7%","80","30.7%","56","21.5%","","0.0%","261"
"361","High Schl","ROOSEVELT HIGH 10","","17","6.5%","85","32.7%","9","3.5%","96","36.9%","52","20.0%","1","0.4%","260"
"362","High Schl","ROOSEVELT HIGH 11","","2","0.8%","86","34.0%","8","3.2%","89","35.2%","68","26.9%","","0.0%","253"
"363","High Schl","ROOSEVELT HIGH 12","","18","7.3%","90","36.6%","10","4.1%","73","29.7%","55","22.4%","","0.0%","246"
"364","","ROOSEVELT HIGH Total","","48","4.7%","360","35.3%","42","4.1%","338","33.1%","231","22.6%","1","0.1%","1020"
"365","High Schl","SOUTH HIGH 9","","31","6.6%","172","36.4%","13","2.8%","100","21.2%","155","32.8%","1","0.2%","472"
"366","High Schl","SOUTH HIGH 10","","39","9.1%","160","37.2%","15","3.5%","56","13.0%","160","37.2%","","0.0%","430"
"367","High Schl","SOUTH HIGH 11","","25","5.7%","157","36.1%","20","4.6%","84","19.3%","149","34.3%","","0.0%","435"
"368","High Schl","SOUTH HIGH 12","","20","5.0%","171","42.3%","15","3.7%","73","18.1%","125","30.9%","","0.0%","404"
"369","","SOUTH HIGH Total","","115","6.6%","660","37.9%","63","3.6%","313","18.0%","589","33.8%","1","0.1%","1741"
"370","High Schl","SOUTHWEST HIGH 9","","7","1.3%","148","27.3%","26","4.8%","60","11.0%","300","55.2%","2","0.4%","543"
"371","High Schl","SOUTHWEST HIGH 10","","4","0.8%","142","29.0%","14","2.9%","60","12.2%","270","55.1%","","0.0%","490"
"372","High Schl","SOUTHWEST HIGH 11","","5","1.1%","135","30.5%","26","5.9%","34","7.7%","242","54.6%","1","0.2%","443"
"373","High Schl","SOUTHWEST HIGH 12","","2","0.4%","123","27.1%","29","6.4%","53","11.7%","245","54.0%","2","0.4%","454"
"374","","SOUTHWEST HIGH Total","","18","0.9%","548","28.4%","95","4.9%","207","10.7%","1057","54.8%","5","0.3%","1930"
"375","High Schl","WASHBURN HIGH 9","","3","0.7%","99","23.2%","18","4.2%","52","12.2%","253","59.4%","1","0.2%","426"
"376","High Schl","WASHBURN HIGH 10","","5","1.2%","91","21.6%","17","4.0%","65","15.4%","244","57.8%","","0.0%","422"
"377","High Schl","WASHBURN HIGH 11","","3","0.7%","78","19.4%","23","5.7%","88","21.8%","210","52.1%","1","0.2%","403"
"378","High Schl","WASHBURN HIGH 12","","8","2.1%","98","25.6%","12","3.1%","56","14.6%","209","54.6%","","0.0%","383"
"379","","WASHBURN HIGH Total","","19","1.2%","366","22.4%","70","4.3%","261","16.0%","916","56.1%","2","0.1%","1634"
"380","ALT HS","LONGFELLOW 8","","","0.0%","","0.0%","","0.0%","1","100.0%","","0.0%","","0.0%","1"
"381","ALT HS","LONGFELLOW 10","","","0.0%","1","33.3%","","0.0%","2","66.7%","","0.0%","","0.0%","3"
"382","ALT HS","LONGFELLOW 11","","2","28.6%","2","28.6%","1","14.3%","2","28.6%","","0.0%","","0.0%","7"
"383","ALT HS","LONGFELLOW 12","","7","10.3%","24","35.3%","1","1.5%","35","51.5%","1","1.5%","","0.0%","68"
"384","","LONGFELLOW Total","","9","11.4%","27","34.2%","2","2.5%","40","50.6%","1","1.3%","0","0.0%","79"
"385","ALT HS","MACC 11","","1","33.3%","2","66.7%","","0.0%","","0.0%","","0.0%","","0.0%","3"
"386","ALT HS","MACC 12","","2","6.1%","22","66.7%","2","6.1%","6","18.2%","1","3.0%","","0.0%","33"
"387","","MACC Total","","3","8.3%","24","66.7%","2","5.6%","6","16.7%","1","2.8%","0","0.0%","36"
"388","ALT HS","WELLSTONE 9","","","0.0%","9","33.3%","4","14.8%","14","51.9%","","0.0%","","0.0%","27"
"389","ALT HS","WELLSTONE 10","","","0.0%","18","46.2%","1","2.6%","20","51.3%","","0.0%","","0.0%","39"
"390","ALT HS","WELLSTONE 11","","","0.0%","42","51.2%","2","2.4%","35","42.7%","3","3.7%","","0.0%","82"
"391","ALT HS","WELLSTONE 12","","","0.0%","72","69.2%","1","1.0%","30","28.8%","1","1.0%","","0.0%","104"
"392","","WELLSTONE Total","","0","0.0%","141","56.0%","8","3.2%","99","39.3%","4","1.6%","0","0.0%","252"
"393","ALT HS","WELLSTONE SWS 11","","","0.0%","7","100.0%","","0.0%","","0.0%","","0.0%","","0.0%","7"
"394","ALT HS","WELLSTONE SWS 12","","","0.0%","9","52.9%","","0.0%","8","47.1%","","0.0%","","0.0%","17"
"395","","WELLSTONE SWS Total","","0","0.0%","16","66.7%","0","0.0%","8","33.3%","0","0.0%","0","0.0%","24"
"396","Spec Ed","HARRISON SEC CTR 9","","2","33.3%","3","50.0%","","0.0%","","0.0%","1","16.7%","","0.0%","6"
"397","Spec Ed","HARRISON SEC CTR 10","","","0.0%","10","100.0%","","0.0%","","0.0%","","0.0%","","0.0%","10"
"398","Spec Ed","HARRISON SEC CTR 11","","","0.0%","7","100.0%","","0.0%","","0.0%","","0.0%","","0.0%","7"
"399","Spec Ed","HARRISON SEC CTR 12","","","0.0%","4","66.7%","","0.0%","1","16.7%","1","16.7%","","0.0%","6"
"400","","HARRISON SEC CTR Total","","2","6.9%","24","82.8%","0","0.0%","1","3.4%","2","6.9%","0","0.0%","29"
"401","Spec Ed","RIVER BEND ED CNT KG","","","0.0%","2","100.0%","","0.0%","","0.0%","","0.0%","","0.0%","2"
"402","Spec Ed","RIVER BEND ED CNT 1","","","0.0%","3","60.0%","","0.0%","1","20.0%","1","20.0%","","0.0%","5"
"403","Spec Ed","RIVER BEND ED CNT 2","","","0.0%","2","100.0%","","0.0%","","0.0%","","0.0%","","0.0%","2"
"404","Spec Ed","RIVER BEND ED CNT 3","","","0.0%","6","66.7%","","0.0%","1","11.1%","2","22.2%","","0.0%","9"
"405","Spec Ed","RIVER BEND ED CNT 4","","1","10.0%","7","70.0%","","0.0%","1","10.0%","1","10.0%","","0.0%","10"
"406","Spec Ed","RIVER BEND ED CNT 5","","1","5.6%","15","83.3%","","0.0%","1","5.6%","1","5.6%","","0.0%","18"
"407","Spec Ed","RIVER BEND ED CNT 6","","1","8.3%","9","75.0%","","0.0%","","0.0%","2","16.7%","","0.0%","12"
"408","Spec Ed","RIVER BEND ED CNT 7","","1","10.0%","8","80.0%","1","10.0%","","0.0%","","0.0%","","0.0%","10"
"409","Spec Ed","RIVER BEND ED CNT 8","","","0.0%","9","100.0%","","0.0%","","0.0%","","0.0%","","0.0%","9"
"410","Spec Ed","RIVER BEND ED CNT 9","","1","25.0%","3","75.0%","","0.0%","","0.0%","","0.0%","","0.0%","4"
"411","Spec Ed","RIVER BEND ED CNT 10","","","0.0%","2","100.0%","","0.0%","","0.0%","","0.0%","","0.0%","2"
"412","Spec Ed","RIVER BEND ED CNT 12","","","0.0%","2","66.7%","","0.0%","1","33.3%","","0.0%","","0.0%","3"
"413","","RIVER BEND ED CNT Total","","5","5.8%","68","79.1%","1","1.2%","5","5.8%","7","8.1%","0","0.0%","86"
"414","Spec Ed","TRANSITION PLUS 12","","11","4.0%","138","50.4%","9","3.3%","48","17.5%","68","24.8%","","0.0%","274"
"415","","TRANSITION PLUS Total","","11","4.0%","138","50.4%","9","3.3%","48","17.5%","68","24.8%","0","0.0%","274"
"416","Cont Alt","AMERICAN IND OIC 9","","4","80.0%","1","20.0%","","0.0%","","0.0%","","0.0%","","0.0%","5"
"417","Cont Alt","AMERICAN IND OIC 10","","4","66.7%","","0.0%","","0.0%","2","33.3%","","0.0%","","0.0%","6"
"418","Cont Alt","AMERICAN IND OIC 11","","6","100.0%","","0.0%","","0.0%","","0.0%","","0.0%","","0.0%","6"
"419","Cont Alt","AMERICAN IND OIC 12","","16","84.2%","","0.0%","","0.0%","2","10.5%","1","5.3%","","0.0%","19"
"420","","AMERICAN IND OIC Total","","30","83.3%","1","2.8%","0","0.0%","4","11.1%","1","2.8%","0","0.0%","36"
"421","Cont Alt","CENTER SCHOOL 7","","1","100.0%","","0.0%","","0.0%","","0.0%","","0.0%","","0.0%","1"
"422","Cont Alt","CENTER SCHOOL 8","","2","100.0%","","0.0%","","0.0%","","0.0%","","0.0%","","0.0%","2"
"423","Cont Alt","CENTER SCHOOL 9","","8","88.9%","","0.0%","","0.0%","","0.0%","","0.0%","1","11.1%","9"
"424","Cont Alt","CENTER SCHOOL 10","","3","100.0%","","0.0%","","0.0%","","0.0%","","0.0%","","0.0%","3"
"425","Cont Alt","CENTER SCHOOL 11","","11","91.7%","","0.0%","","0.0%","1","8.3%","","0.0%","","0.0%","12"
"426","Cont Alt","CENTER SCHOOL 12","","13","65.0%","1","5.0%","","0.0%","6","30.0%","","0.0%","","0.0%","20"
"427","","CENTER SCHOOL Total","","38","80.9%","1","2.1%","0","0.0%","7","14.9%","0","0.0%","1","2.1%","47"
"428","Cont Alt","LORING-NICOLLET 10","","1","20.0%","","0.0%","","0.0%","1","20.0%","3","60.0%","","0.0%","5"
"429","Cont Alt","LORING-NICOLLET 11","","","0.0%","3","18.8%","1","6.3%","2","12.5%","10","62.5%","","0.0%","16"
"430","Cont Alt","LORING-NICOLLET 12","","2","5.1%","13","33.3%","4","10.3%","7","17.9%","13","33.3%","","0.0%","39"
"431","","LORING-NICOLLET Total","","3","5.0%","16","26.7%","5","8.3%","10","16.7%","26","43.3%","0","0.0%","60"
"432","Cont Alt","MENLO PARK 9","","1","50.0%","","0.0%","","0.0%","","0.0%","1","50.0%","","0.0%","2"
"433","Cont Alt","MENLO PARK 10","","","0.0%","2","100.0%","","0.0%","","0.0%","","0.0%","","0.0%","2"
"434","Cont Alt","MENLO PARK 11","","","0.0%","4","33.3%","","0.0%","2","16.7%","6","50.0%","","0.0%","12"
"435","Cont Alt","MENLO PARK 12","","8","13.1%","30","49.2%","2","3.3%","11","18.0%","10","16.4%","","0.0%","61"
"436","","MENLO PARK Total","","9","11.7%","36","46.8%","2","2.6%","13","16.9%","17","22.1%","0","0.0%","77"
"437","Cont Alt","MERC 9","","","0.0%","","0.0%","","0.0%","1","100.0%","","0.0%","","0.0%","1"
"438","Cont Alt","MERC 10","","","0.0%","4","66.7%","1","16.7%","","0.0%","1","16.7%","","0.0%","6"
"439","Cont Alt","MERC 11","","3","25.0%","3","25.0%","","0.0%","5","41.7%","1","8.3%","","0.0%","12"
"440","Cont Alt","MERC 12","","2","5.0%","14","35.0%","1","2.5%","13","32.5%","10","25.0%","","0.0%","40"
"441","","MERC Total","","5","8.5%","21","35.6%","2","3.4%","19","32.2%","12","20.3%","0","0.0%","59"
"442","Cont Alt","PLYMOUTH YTH CTR 9","","","0.0%","5","100.0%","","0.0%","","0.0%","","0.0%","","0.0%","5"
"443","Cont Alt","PLYMOUTH YTH CTR 10","","","0.0%","7","87.5%","1","12.5%","","0.0%","","0.0%","","0.0%","8"
"444","Cont Alt","PLYMOUTH YTH CTR 11","","","0.0%","22","91.7%","1","4.2%","","0.0%","1","4.2%","","0.0%","24"
"445","Cont Alt","PLYMOUTH YTH CTR 12","","","0.0%","71","86.6%","5","6.1%","4","4.9%","2","2.4%","","0.0%","82"
"446","","PLYMOUTH YTH CTR Total","","0","0.0%","105","88.2%","7","5.9%","4","3.4%","3","2.5%","0","0.0%","119"
"447","Cont Alt","RON MCDONALD HOUSEKG","","","0.0%","2","66.7%","","0.0%","","0.0%","1","33.3%","","0.0%","3"
"448","Cont Alt","RON MCDONALD HOUSE 1","","","0.0%","","0.0%","","0.0%","","0.0%","1","100.0%","","0.0%","1"
"449","Cont Alt","RON MCDONALD HOUSE 3","","","0.0%","1","100.0%","","0.0%","","0.0%","","0.0%","","0.0%","1"
"450","Cont Alt","RON MCDONALD HOUSE 7","","","0.0%","","0.0%","","0.0%","","0.0%","1","100.0%","","0.0%","1"
"451","Cont Alt","RON MCDONALD HOUSE 11","","","0.0%","","0.0%","1","100.0%","","0.0%","","0.0%","","0.0%","1"
"452","","RON MCDONALD HOUSE Total","","0","0.0%","3","42.9%","1","14.3%","0","0.0%","3","42.9%","0","0.0%","7"
"453","Cont Alt","VOA PHOENIX 10","","2","50.0%","2","50.0%","","0.0%","","0.0%","","0.0%","","0.0%","4"
"454","Cont Alt","VOA PHOENIX 11","","","0.0%","14","73.7%","","0.0%","3","15.8%","2","10.5%","","0.0%","19"
"455","Cont Alt","VOA PHOENIX 12","","3","3.6%","37","44.0%","","0.0%","37","44.0%","7","8.3%","","0.0%","84"
"456","","VOA PHOENIX Total","","5","4.7%","53","49.5%","0","0.0%","40","37.4%","9","8.4%","0","0.0%","107"
"457","","Grand Total","","1194","3.5%","12847","37.3%","2000","5.8%","5954","17.3%","12391","36.0%","58","0.2%","34444"
